model_name,motion_id,family,trial_id,perturbation,success,fall,slip,impact,recovery_success,resume_success,com_margin_mean,cp_margin_mean,momentum_norm_mean,switch_count
pd_baseline,Cheruvadi_Payatt,compound,0,fall,False,True,False,3741.41,False,False,0.0,0.0,0.0,0
pd_baseline,Cheruvadi_Payatt,compound,1,fall,False,True,False,3741.41,False,False,0.0,0.0,0.0,0
pd_baseline,Cheruvadi_Payatt,compound,2,fall,False,True,False,3741.41,False,False,0.0,0.0,0.0,0
pd_baseline,Cheruvadi_Payatt,compound,3,fall,False,True,False,3741.41,False,False,0.0,0.0,0.0,0
pd_baseline,Cheruvadi_Payatt,compound,4,fall,False,True,False,3741.41,False,False,0.0,0.0,0.0,0
pd_baseline,Valathu_Kaal_Eduthu,compound,0,fall,False,True,False,2942.64,False,False,0.0,0.0,0.0,0
pd_baseline,Valathu_Kaal_Eduthu,compound,1,fall,False,True,False,2942.64,False,False,0.0,0.0,0.0,0
pd_baseline,Valathu_Kaal_Eduthu,compound,2,fall,False,True,False,2942.64,False,False,0.0,0.0,0.0,0
pd_baseline,Valathu_Kaal_Eduthu,compound,3,fall,False,True,False,2942.64,False,False,0.0,0.0,0.0,0
pd_baseline,Valathu_Kaal_Eduthu,compound,4,fall,False,True,False,2942.64,False,False,0.0,0.0,0.0,0
pd_baseline,Idathu_Kaal_Thookki,compound,0,fall,False,True,False,2001.39,False,False,0.0,0.0,0.0,0
pd_baseline,Idathu_Kaal_Thookki,compound,1,fall,False,True,False,2001.39,False,False,0.0,0.0,0.0,0
pd_baseline,Idathu_Kaal_Thookki,compound,2,fall,False,True,False,2001.39,False,False,0.0,0.0,0.0,0
pd_baseline,Idathu_Kaal_Thookki,compound,3,fall,False,True,False,2001.39,False,False,0.0,0.0,0.0,0
pd_baseline,Idathu_Kaal_Thookki,compound,4,fall,False,True,False,2001.39,False,False,0.0,0.0,0.0,0
pd_baseline,Otta_Payattu_Drill,compound,0,fall,False,True,False,3234.82,False,False,0.0,0.0,0.0,0
pd_baseline,Otta_Payattu_Drill,compound,1,fall,False,True,False,3234.82,False,False,0.0,0.0,0.0,0
pd_baseline,Otta_Payattu_Drill,compound,2,fall,False,True,False,3234.82,False,False,0.0,0.0,0.0,0
pd_baseline,Otta_Payattu_Drill,compound,3,fall,False,True,False,3234.82,False,False,0.0,0.0,0.0,0
pd_baseline,Otta_Payattu_Drill,compound,4,fall,False,True,False,3234.82,False,False,0.0,0.0,0.0,0
pd_baseline,Othadi_Amarnnu,compound,0,fall,False,True,False,3847.09,False,False,0.0,0.0,0.0,0
pd_baseline,Othadi_Amarnnu,compound,1,fall,False,True,False,3847.09,False,False,0.0,0.0,0.0,0
pd_baseline,Othadi_Amarnnu,compound,2,fall,False,True,False,3847.09,False,False,0.0,0.0,0.0,0
pd_baseline,Othadi_Amarnnu,compound,3,fall,False,True,False,3847.09,False,False,0.0,0.0,0.0,0
pd_baseline,Othadi_Amarnnu,compound,4,fall,False,True,False,3847.09,False,False,0.0,0.0,0.0,0
pd_baseline,Long_Stick_Drill,compound,0,fall,False,True,False,1997.51,False,False,0.0,0.0,0.0,0
pd_baseline,Long_Stick_Drill,compound,1,fall,False,True,False,1997.51,False,False,0.0,0.0,0.0,0
pd_baseline,Long_Stick_Drill,compound,2,fall,False,True,False,1997.51,False,False,0.0,0.0,0.0,0
pd_baseline,Long_Stick_Drill,compound,3,fall,False,True,False,1997.51,False,False,0.0,0.0,0.0,0
pd_baseline,Long_Stick_Drill,compound,4,fall,False,True,False,1997.51,False,False,0.0,0.0,0.0,0
pd_baseline,Muchaan_Payattu,compound,0,fall,False,True,False,798.49,False,False,0.0,0.0,0.0,0
pd_baseline,Muchaan_Payattu,compound,1,fall,False,True,False,798.49,False,False,0.0,0.0,0.0,0
pd_baseline,Muchaan_Payattu,compound,2,fall,False,True,False,798.49,False,False,0.0,0.0,0.0,0
pd_baseline,Muchaan_Payattu,compound,3,fall,False,True,False,798.49,False,False,0.0,0.0,0.0,0
pd_baseline,Muchaan_Payattu,compound,4,fall,False,True,False,798.49,False,False,0.0,0.0,0.0,0
pd_baseline,Cheruvadi_Drill,compound,0,fall,False,True,False,762.64,False,False,0.0,0.0,0.0,0
pd_baseline,Cheruvadi_Drill,compound,1,fall,False,True,False,762.64,False,False,0.0,0.0,0.0,0
pd_baseline,Cheruvadi_Drill,compound,2,fall,False,True,False,762.64,False,False,0.0,0.0,0.0,0
pd_baseline,Cheruvadi_Drill,compound,3,fall,False,True,False,762.64,False,False,0.0,0.0,0.0,0
pd_baseline,Cheruvadi_Drill,compound,4,fall,False,True,False,762.64,False,False,0.0,0.0,0.0,0
pd_baseline,Long_stick_salutation,compound,0,fall,False,True,False,657.65,False,False,0.0,0.0,0.0,0
pd_baseline,Long_stick_salutation,compound,1,fall,False,True,False,657.65,False,False,0.0,0.0,0.0,0
pd_baseline,Long_stick_salutation,compound,2,fall,False,True,False,657.65,False,False,0.0,0.0,0.0,0
pd_baseline,Long_stick_salutation,compound,3,fall,False,True,False,657.65,False,False,0.0,0.0,0.0,0
pd_baseline,Long_stick_salutation,compound,4,fall,False,True,False,657.65,False,False,0.0,0.0,0.0,0
pd_baseline,Crossed_Hand_Defense,compound,0,fall,False,True,False,2060.85,False,False,0.0,0.0,0.0,0
pd_baseline,Crossed_Hand_Defense,compound,1,fall,False,True,False,2060.85,False,False,0.0,0.0,0.0,0
pd_baseline,Crossed_Hand_Defense,compound,2,fall,False,True,False,2060.85,False,False,0.0,0.0,0.0,0
pd_baseline,Crossed_Hand_Defense,compound,3,fall,False,True,False,2060.85,False,False,0.0,0.0,0.0,0
pd_baseline,Crossed_Hand_Defense,compound,4,fall,False,True,False,2060.85,False,False,0.0,0.0,0.0,0
pd_baseline,iv_bend_kick_l,explosive_strike,0,fall,False,True,False,899.56,False,False,0.0,0.0,0.0,0
pd_baseline,iv_bend_kick_l,explosive_strike,1,fall,False,True,False,899.56,False,False,0.0,0.0,0.0,0
pd_baseline,iv_bend_kick_l,explosive_strike,2,fall,False,True,False,899.56,False,False,0.0,0.0,0.0,0
pd_baseline,iv_bend_kick_l,explosive_strike,3,fall,False,True,False,899.56,False,False,0.0,0.0,0.0,0
pd_baseline,iv_bend_kick_l,explosive_strike,4,fall,False,True,False,899.56,False,False,0.0,0.0,0.0,0
pd_baseline,Vaalum_Parishayum,explosive_strike,0,fall,False,True,False,406.48,False,False,0.0,0.0,0.0,0
pd_baseline,Vaalum_Parishayum,explosive_strike,1,fall,False,True,False,406.48,False,False,0.0,0.0,0.0,0
pd_baseline,Vaalum_Parishayum,explosive_strike,2,fall,False,True,False,406.48,False,False,0.0,0.0,0.0,0
pd_baseline,Vaalum_Parishayum,explosive_strike,3,fall,False,True,False,406.48,False,False,0.0,0.0,0.0,0
pd_baseline,Vaalum_Parishayum,explosive_strike,4,fall,False,True,False,406.48,False,False,0.0,0.0,0.0,0
pd_baseline,kw_guard_kick_l,explosive_strike,0,fall,False,True,False,127.73,False,False,0.0,0.0,0.0,0
pd_baseline,kw_guard_kick_l,explosive_strike,1,fall,False,True,False,127.73,False,False,0.0,0.0,0.0,0
pd_baseline,kw_guard_kick_l,explosive_strike,2,fall,False,True,False,127.73,False,False,0.0,0.0,0.0,0
pd_baseline,kw_guard_kick_l,explosive_strike,3,fall,False,True,False,127.73,False,False,0.0,0.0,0.0,0
pd_baseline,kw_guard_kick_l,explosive_strike,4,fall,False,True,False,127.73,False,False,0.0,0.0,0.0,0
pd_baseline,nk_kick_guard,explosive_strike,0,fall,False,True,False,1115.06,False,False,0.0,0.0,0.0,0
pd_baseline,nk_kick_guard,explosive_strike,1,fall,False,True,False,1115.06,False,False,0.0,0.0,0.0,0
pd_baseline,nk_kick_guard,explosive_strike,2,fall,False,True,False,1115.06,False,False,0.0,0.0,0.0,0
pd_baseline,nk_kick_guard,explosive_strike,3,fall,False,True,False,1115.06,False,False,0.0,0.0,0.0,0
pd_baseline,nk_kick_guard,explosive_strike,4,fall,False,True,False,1115.06,False,False,0.0,0.0,0.0,0
pd_baseline,ky_jump_kick,explosive_strike,0,fall,False,True,False,3298.74,False,False,0.0,0.0,0.0,0
pd_baseline,ky_jump_kick,explosive_strike,1,fall,False,True,False,3298.74,False,False,0.0,0.0,0.0,0
pd_baseline,ky_jump_kick,explosive_strike,2,fall,False,True,False,3298.74,False,False,0.0,0.0,0.0,0
pd_baseline,ky_jump_kick,explosive_strike,3,fall,False,True,False,3298.74,False,False,0.0,0.0,0.0,0
pd_baseline,ky_jump_kick,explosive_strike,4,fall,False,True,False,3298.74,False,False,0.0,0.0,0.0,0
pd_baseline,ks_side_kick,explosive_strike,0,fall,False,True,False,1789.87,False,False,0.0,0.0,0.0,0
pd_baseline,ks_side_kick,explosive_strike,1,fall,False,True,False,1789.87,False,False,0.0,0.0,0.0,0
pd_baseline,ks_side_kick,explosive_strike,2,fall,False,True,False,1789.87,False,False,0.0,0.0,0.0,0
pd_baseline,ks_side_kick,explosive_strike,3,fall,False,True,False,1789.87,False,False,0.0,0.0,0.0,0
pd_baseline,ks_side_kick,explosive_strike,4,fall,False,True,False,1789.87,False,False,0.0,0.0,0.0,0
pd_baseline,vb_leap_sequence,explosive_strike,0,fall,False,True,False,2704.9,False,False,0.0,0.0,0.0,0
pd_baseline,vb_leap_sequence,explosive_strike,1,fall,False,True,False,2704.9,False,False,0.0,0.0,0.0,0
pd_baseline,vb_leap_sequence,explosive_strike,2,fall,False,True,False,2704.9,False,False,0.0,0.0,0.0,0
pd_baseline,vb_leap_sequence,explosive_strike,3,fall,False,True,False,2704.9,False,False,0.0,0.0,0.0,0
pd_baseline,vb_leap_sequence,explosive_strike,4,fall,False,True,False,2704.9,False,False,0.0,0.0,0.0,0
pd_baseline,oc_kick_demo,explosive_strike,0,fall,False,True,False,7045.42,False,False,0.0,0.0,0.0,0
pd_baseline,oc_kick_demo,explosive_strike,1,fall,False,True,False,7045.42,False,False,0.0,0.0,0.0,0
pd_baseline,oc_kick_demo,explosive_strike,2,fall,False,True,False,7045.42,False,False,0.0,0.0,0.0,0
pd_baseline,oc_kick_demo,explosive_strike,3,fall,False,True,False,7045.42,False,False,0.0,0.0,0.0,0
pd_baseline,oc_kick_demo,explosive_strike,4,fall,False,True,False,7045.42,False,False,0.0,0.0,0.0,0
pd_baseline,ks_kick_sequence,explosive_strike,0,fall,False,True,False,2951.12,False,False,0.0,0.0,0.0,0
pd_baseline,ks_kick_sequence,explosive_strike,1,fall,False,True,False,2951.12,False,False,0.0,0.0,0.0,0
pd_baseline,ks_kick_sequence,explosive_strike,2,fall,False,True,False,2951.12,False,False,0.0,0.0,0.0,0
pd_baseline,ks_kick_sequence,explosive_strike,3,fall,False,True,False,2951.12,False,False,0.0,0.0,0.0,0
pd_baseline,ks_kick_sequence,explosive_strike,4,fall,False,True,False,2951.12,False,False,0.0,0.0,0.0,0
pd_baseline,kw_guard_kick,explosive_strike,0,fall,False,True,False,2087.81,False,False,0.0,0.0,0.0,0
pd_baseline,kw_guard_kick,explosive_strike,1,fall,False,True,False,2087.81,False,False,0.0,0.0,0.0,0
pd_baseline,kw_guard_kick,explosive_strike,2,fall,False,True,False,2087.81,False,False,0.0,0.0,0.0,0
pd_baseline,kw_guard_kick,explosive_strike,3,fall,False,True,False,2087.81,False,False,0.0,0.0,0.0,0
pd_baseline,kw_guard_kick,explosive_strike,4,fall,False,True,False,2087.81,False,False,0.0,0.0,0.0,0
pd_baseline,fw_low_squat,stable_stance,0,fall,False,True,False,1212.5,False,False,0.0,0.0,0.0,0
pd_baseline,fw_low_squat,stable_stance,1,fall,False,True,False,1212.5,False,False,0.0,0.0,0.0,0
pd_baseline,fw_low_squat,stable_stance,2,fall,False,True,False,1212.5,False,False,0.0,0.0,0.0,0
pd_baseline,fw_low_squat,stable_stance,3,fall,False,True,False,1212.5,False,False,0.0,0.0,0.0,0
pd_baseline,fw_low_squat,stable_stance,4,fall,False,True,False,1212.5,False,False,0.0,0.0,0.0,0
pd_baseline,KS-014-14,stable_stance,0,fall,False,True,False,0.0,False,False,0.0,0.0,0.0,0
pd_baseline,KS-014-14,stable_stance,1,fall,False,True,False,0.0,False,False,0.0,0.0,0.0,0
pd_baseline,KS-014-14,stable_stance,2,fall,False,True,False,0.0,False,False,0.0,0.0,0.0,0
pd_baseline,KS-014-14,stable_stance,3,fall,False,True,False,0.0,False,False,0.0,0.0,0.0,0
pd_baseline,KS-014-14,stable_stance,4,fall,False,True,False,0.0,False,False,0.0,0.0,0.0,0
pd_baseline,KS-023,stable_stance,0,fall,False,True,False,869.92,False,False,0.0,0.0,0.0,0
pd_baseline,KS-023,stable_stance,1,fall,False,True,False,869.92,False,False,0.0,0.0,0.0,0
pd_baseline,KS-023,stable_stance,2,fall,False,True,False,869.92,False,False,0.0,0.0,0.0,0
pd_baseline,KS-023,stable_stance,3,fall,False,True,False,869.92,False,False,0.0,0.0,0.0,0
pd_baseline,KS-023,stable_stance,4,fall,False,True,False,869.92,False,False,0.0,0.0,0.0,0
pd_baseline,KS-001,stable_stance,0,fall,False,True,False,977.15,False,False,0.0,0.0,0.0,0
pd_baseline,KS-001,stable_stance,1,fall,False,True,False,977.15,False,False,0.0,0.0,0.0,0
pd_baseline,KS-001,stable_stance,2,fall,False,True,False,977.15,False,False,0.0,0.0,0.0,0
pd_baseline,KS-001,stable_stance,3,fall,False,True,False,977.15,False,False,0.0,0.0,0.0,0
pd_baseline,KS-001,stable_stance,4,fall,False,True,False,977.15,False,False,0.0,0.0,0.0,0
pd_baseline,kt_warrior_pose,stable_stance,0,fall,False,True,False,2269.17,False,False,0.0,0.0,0.0,0
pd_baseline,kt_warrior_pose,stable_stance,1,fall,False,True,False,2269.17,False,False,0.0,0.0,0.0,0
pd_baseline,kt_warrior_pose,stable_stance,2,fall,False,True,False,2269.17,False,False,0.0,0.0,0.0,0
pd_baseline,kt_warrior_pose,stable_stance,3,fall,False,True,False,2269.17,False,False,0.0,0.0,0.0,0
pd_baseline,kt_warrior_pose,stable_stance,4,fall,False,True,False,2269.17,False,False,0.0,0.0,0.0,0
pd_baseline,ky_warrior_lunge,stable_stance,0,fall,False,True,False,702.9,False,False,0.0,0.0,0.0,0
pd_baseline,ky_warrior_lunge,stable_stance,1,fall,False,True,False,702.9,False,False,0.0,0.0,0.0,0
pd_baseline,ky_warrior_lunge,stable_stance,2,fall,False,True,False,702.9,False,False,0.0,0.0,0.0,0
pd_baseline,ky_warrior_lunge,stable_stance,3,fall,False,True,False,702.9,False,False,0.0,0.0,0.0,0
pd_baseline,ky_warrior_lunge,stable_stance,4,fall,False,True,False,702.9,False,False,0.0,0.0,0.0,0
pd_baseline,KS-024,stable_stance,0,fall,False,True,False,2005.83,False,False,0.0,0.0,0.0,0
pd_baseline,KS-024,stable_stance,1,fall,False,True,False,2005.83,False,False,0.0,0.0,0.0,0
pd_baseline,KS-024,stable_stance,2,fall,False,True,False,2005.83,False,False,0.0,0.0,0.0,0
pd_baseline,KS-024,stable_stance,3,fall,False,True,False,2005.83,False,False,0.0,0.0,0.0,0
pd_baseline,KS-024,stable_stance,4,fall,False,True,False,2005.83,False,False,0.0,0.0,0.0,0
pd_baseline,KS-014-9,stable_stance,0,fall,False,True,False,1019.84,False,False,0.0,0.0,0.0,0
pd_baseline,KS-014-9,stable_stance,1,fall,False,True,False,1019.84,False,False,0.0,0.0,0.0,0
pd_baseline,KS-014-9,stable_stance,2,fall,False,True,False,1019.84,False,False,0.0,0.0,0.0,0
pd_baseline,KS-014-9,stable_stance,3,fall,False,True,False,1019.84,False,False,0.0,0.0,0.0,0
pd_baseline,KS-014-9,stable_stance,4,fall,False,True,False,1019.84,False,False,0.0,0.0,0.0,0
pd_baseline,KS-014-4,stable_stance,0,fall,False,True,False,4232.18,False,False,0.0,0.0,0.0,0
pd_baseline,KS-014-4,stable_stance,1,fall,False,True,False,4232.18,False,False,0.0,0.0,0.0,0
pd_baseline,KS-014-4,stable_stance,2,fall,False,True,False,4232.18,False,False,0.0,0.0,0.0,0
pd_baseline,KS-014-4,stable_stance,3,fall,False,True,False,4232.18,False,False,0.0,0.0,0.0,0
pd_baseline,KS-014-4,stable_stance,4,fall,False,True,False,4232.18,False,False,0.0,0.0,0.0,0
pd_baseline,kt_vadivu_lowseat,stable_stance,0,fall,False,True,False,1288.22,False,False,0.0,0.0,0.0,0
pd_baseline,kt_vadivu_lowseat,stable_stance,1,fall,False,True,False,1288.22,False,False,0.0,0.0,0.0,0
pd_baseline,kt_vadivu_lowseat,stable_stance,2,fall,False,True,False,1288.22,False,False,0.0,0.0,0.0,0
pd_baseline,kt_vadivu_lowseat,stable_stance,3,fall,False,True,False,1288.22,False,False,0.0,0.0,0.0,0
pd_baseline,kt_vadivu_lowseat,stable_stance,4,fall,False,True,False,1288.22,False,False,0.0,0.0,0.0,0
pd_baseline,kw_lunge_strike,translational,0,fall,False,True,False,508.68,False,False,0.0,0.0,0.0,0
pd_baseline,kw_lunge_strike,translational,1,fall,False,True,False,508.68,False,False,0.0,0.0,0.0,0
pd_baseline,kw_lunge_strike,translational,2,fall,False,True,False,508.68,False,False,0.0,0.0,0.0,0
pd_baseline,kw_lunge_strike,translational,3,fall,False,True,False,508.68,False,False,0.0,0.0,0.0,0
pd_baseline,kw_lunge_strike,translational,4,fall,False,True,False,508.68,False,False,0.0,0.0,0.0,0
pd_baseline,KS-075,translational,0,fall,False,True,False,0.0,False,False,0.0,0.0,0.0,0
pd_baseline,KS-075,translational,1,fall,False,True,False,0.0,False,False,0.0,0.0,0.0,0
pd_baseline,KS-075,translational,2,fall,False,True,False,0.0,False,False,0.0,0.0,0.0,0
pd_baseline,KS-075,translational,3,fall,False,True,False,0.0,False,False,0.0,0.0,0.0,0
pd_baseline,KS-075,translational,4,fall,False,True,False,0.0,False,False,0.0,0.0,0.0,0
pd_baseline,fw_triangle_steps,translational,0,fall,False,True,False,835.48,False,False,0.0,0.0,0.0,0
pd_baseline,fw_triangle_steps,translational,1,fall,False,True,False,835.48,False,False,0.0,0.0,0.0,0
pd_baseline,fw_triangle_steps,translational,2,fall,False,True,False,835.48,False,False,0.0,0.0,0.0,0
pd_baseline,fw_triangle_steps,translational,3,fall,False,True,False,835.48,False,False,0.0,0.0,0.0,0
pd_baseline,fw_triangle_steps,translational,4,fall,False,True,False,835.48,False,False,0.0,0.0,0.0,0
pd_baseline,KS-054,translational,0,fall,False,True,False,1894.17,False,False,0.0,0.0,0.0,0
pd_baseline,KS-054,translational,1,fall,False,True,False,1894.17,False,False,0.0,0.0,0.0,0
pd_baseline,KS-054,translational,2,fall,False,True,False,1894.17,False,False,0.0,0.0,0.0,0
pd_baseline,KS-054,translational,3,fall,False,True,False,1894.17,False,False,0.0,0.0,0.0,0
pd_baseline,KS-054,translational,4,fall,False,True,False,1894.17,False,False,0.0,0.0,0.0,0
pd_baseline,KS-082,translational,0,fall,False,True,False,1487.33,False,False,0.0,0.0,0.0,0
pd_baseline,KS-082,translational,1,fall,False,True,False,1487.33,False,False,0.0,0.0,0.0,0
pd_baseline,KS-082,translational,2,fall,False,True,False,1487.33,False,False,0.0,0.0,0.0,0
pd_baseline,KS-082,translational,3,fall,False,True,False,1487.33,False,False,0.0,0.0,0.0,0
pd_baseline,KS-082,translational,4,fall,False,True,False,1487.33,False,False,0.0,0.0,0.0,0
pd_baseline,kw_guard_step,translational,0,fall,False,True,False,60.68,False,False,0.0,0.0,0.0,0
pd_baseline,kw_guard_step,translational,1,fall,False,True,False,60.68,False,False,0.0,0.0,0.0,0
pd_baseline,kw_guard_step,translational,2,fall,False,True,False,60.68,False,False,0.0,0.0,0.0,0
pd_baseline,kw_guard_step,translational,3,fall,False,True,False,60.68,False,False,0.0,0.0,0.0,0
pd_baseline,kw_guard_step,translational,4,fall,False,True,False,60.68,False,False,0.0,0.0,0.0,0
pd_baseline,kt_chuvadu_lowstance,translational,0,fall,False,True,False,898.3,False,False,0.0,0.0,0.0,0
pd_baseline,kt_chuvadu_lowstance,translational,1,fall,False,True,False,898.3,False,False,0.0,0.0,0.0,0
pd_baseline,kt_chuvadu_lowstance,translational,2,fall,False,True,False,898.3,False,False,0.0,0.0,0.0,0
pd_baseline,kt_chuvadu_lowstance,translational,3,fall,False,True,False,898.3,False,False,0.0,0.0,0.0,0
pd_baseline,kt_chuvadu_lowstance,translational,4,fall,False,True,False,898.3,False,False,0.0,0.0,0.0,0
pd_baseline,KS-074_pt1,translational,0,fall,False,True,False,0.0,False,False,0.0,0.0,0.0,0
pd_baseline,KS-074_pt1,translational,1,fall,False,True,False,0.0,False,False,0.0,0.0,0.0,0
pd_baseline,KS-074_pt1,translational,2,fall,False,True,False,0.0,False,False,0.0,0.0,0.0,0
pd_baseline,KS-074_pt1,translational,3,fall,False,True,False,0.0,False,False,0.0,0.0,0.0,0
pd_baseline,KS-074_pt1,translational,4,fall,False,True,False,0.0,False,False,0.0,0.0,0.0,0
pd_baseline,KS-072,translational,0,fall,False,True,False,4918.18,False,False,0.0,0.0,0.0,0
pd_baseline,KS-072,translational,1,fall,False,True,False,4918.18,False,False,0.0,0.0,0.0,0
pd_baseline,KS-072,translational,2,fall,False,True,False,4918.18,False,False,0.0,0.0,0.0,0
pd_baseline,KS-072,translational,3,fall,False,True,False,4918.18,False,False,0.0,0.0,0.0,0
pd_baseline,KS-072,translational,4,fall,False,True,False,4918.18,False,False,0.0,0.0,0.0,0
pd_baseline,ks_lunge_stretch,translational,0,fall,False,True,False,1546.49,False,False,0.0,0.0,0.0,0
pd_baseline,ks_lunge_stretch,translational,1,fall,False,True,False,1546.49,False,False,0.0,0.0,0.0,0
pd_baseline,ks_lunge_stretch,translational,2,fall,False,True,False,1546.49,False,False,0.0,0.0,0.0,0
pd_baseline,ks_lunge_stretch,translational,3,fall,False,True,False,1546.49,False,False,0.0,0.0,0.0,0
pd_baseline,ks_lunge_stretch,translational,4,fall,False,True,False,1546.49,False,False,0.0,0.0,0.0,0
